"Names","Frame 1","Frame 2","Frame 3","Frame 4","Frame 5","Frame 6","Frame 7","Frame 8","Frame 9","Frame 10","Frame 11","Frame 12","Frame 13","Frame 14","Frame 15","Frame 16","Frame 17","Frame 18","Frame 19","Frame 20","Frame 21","Frame 22","Frame 23","Frame 24","Frame 25","Frame 26","Frame 27","Frame 28","Frame 29","Frame 30","Frame 31","Frame 32","Frame 33","Frame 34","Frame 35","Frame 36","Frame 37","Frame 38","Frame 39","Frame 40","Frame 41","Frame 42","Frame 43","Frame 44","Frame 45","Frame 46","Frame 47","Frame 48","Frame 49","Frame 50","Frame 51","Frame 52","Frame 53","Frame 54","Frame 55","Frame 56","Frame 57","Frame 58","Frame 59","Frame 60","Frame 61","Frame 62","Frame 63","Frame 64","Frame 65","Frame 66","Frame 67","Frame 68","Frame 69","Frame 70","Frame 71","Frame 72","Frame 73","Frame 74","Frame 75","Frame 76","Frame 77","Frame 78","Frame 79","Frame 80","Frame 81","Frame 82","Frame 83","Frame 84","Frame 85","Frame 86","Frame 87","Frame 88","Frame 89","Frame 90","Frame 91","Frame 92","Frame 93","Frame 94","Frame 95","Frame 96","Frame 97","Frame 98","Frame 99","Frame 100","Frame 101","Frame 102","Frame 103","Frame 104","Frame 105","Frame 106","Frame 107","Frame 108","Frame 109","Frame 110","Frame 111","Frame 112","Frame 113","Frame 114","Frame 115","Frame 116","Frame 117","Frame 118","Frame 119","Frame 120","Frame 121","Frame 122","Frame 123","Frame 124","Frame 125","Frame 126","Frame 127","Frame 128","Frame 129","Frame 130","Frame 131","Frame 132","Frame 133","Frame 134","Frame 135","Frame 136","Frame 137","Frame 138","Frame 139","Frame 140","Frame 141","Frame 142","Frame 143","Frame 144","Frame 145","Frame 146","Frame 147","Frame 148","Frame 149","Frame 150","Frame 151","Frame 152","Frame 153","Frame 154","Frame 155","Frame 156","Frame 157","Frame 158","Frame 159","Frame 160"
"Baby_cry01",0,0,0,0,0,0,0,0,0,0,0,0,0,0,0,0,0,0,0,0,0,0,0,0,0,0,0,0,0,0,0,0,0,0,0,0,0,0,0,0,0,0,0,0,0,100,100,100,100,100,101,101,101,101,102,102,102,0,0,0,0,0,0,0,0,0,0,0,102,102,102,102,0,102,102,102,0,0,0,0,0,0,0,0,0,0,0,0,0,0,0,0,0,0,0,0,0,0,0,0,0,0,0,0,0,0,102,0,0,0,0,0,102,102,0,0,0,0,0,0,0,0,0,0,0,0,0,0,0,0,0,0,0,102,102,0,0,0,0,0,0,0,0,0,0,0,0,0,0,0,102,102,102,102,102,0,102,102,102,102
"Baby_cry02",0,0,0,0,0,0,0,0,0,0,0,0,0,0,0,0,0,0,0,0,0,0,0,0,0,0,0,0,0,0,0,0,0,0,0,0,0,0,0,0,0,0,0,0,0,0,0,0,0,0,0,0,0,0,0,0,0,0,0,0,0,0,0,0,0,0,0,0,0,0,0,0,0,0,0,0,0,0,0,0,0,0,0,0,43,43,43,43,43,43,43,45,45,45,45,45,45,45,45,45,45,45,45,45,46,46,0,0,0,46,0,46,46,46,46,46,46,46,46,46,46,46,46,0,46,46,46,46,46,46,46,46,46,46,46,46,46,46,46,46,0,46,0,0,0,0,46,46,0,0,46,46,46,46,46,0,46,46,46,46
"Baby_cry03",0,0,0,0,0,0,0,0,0,0,0,0,0,0,0,0,0,0,0,0,0,0,0,0,0,0,0,0,0,0,0,0,0,79,79,79,79,79,79,79,79,79,79,79,79,79,79,79,79,79,79,79,79,79,79,0,0,0,79,79,79,79,79,79,79,79,0,79,0,0,0,0,0,79,79,79,79,79,79,79,79,79,79,0,0,79,79,79,79,79,0,79,79,79,79,79,79,79,79,79,79,79,79,79,79,80,80,80,80,80,80,80,80,80,80,80,80,80,80,83,83,83,83,83,83,83,83,83,83,83,83,83,83,83,83,83,83,83,83,83,83,83,83,83,83,83,83,83,83,83,83,83,83,83,83,0,83,83,83,83
"Baby_cry04",0,0,0,0,0,0,0,0,0,0,0,0,0,0,0,0,0,0,0,0,0,0,0,0,0,0,0,0,0,0,0,0,0,0,0,0,0,0,0,0,0,0,0,0,0,0,0,0,0,0,0,0,0,0,0,0,0,0,0,0,0,0,0,0,0,0,0,0,0,0,0,0,0,0,0,0,0,0,0,0,0,0,0,0,0,0,0,0,0,0,0,0,0,0,0,0,0,0,0,0,0,0,0,0,0,0,0,0,0,0,0,0,0,0,0,0,0,0,0,0,0,0,0,0,0,0,0,0,0,0,0,0,0,0,0,0,0,0,0,0,0,0,0,0,0,0,0,0,0,0,0,0,0,0,NA,NA,NA,NA,NA,NA
"Baby_cry05",0,0,0,0,0,0,0,0,0,0,0,0,0,0,0,0,0,0,0,0,0,0,0,0,0,0,0,0,60,61,61,61,61,0,61,0,0,61,61,61,61,58,58,58,58,58,58,57,57,57,150,150,150,150,150,150,150,150,150,150,75,75,75,76,76,76,76,76,76,76,76,76,76,76,76,76,76,76,76,76,76,76,0,76,76,76,76,76,76,76,76,76,76,76,76,76,76,76,76,76,76,76,76,0,0,0,0,76,76,76,76,76,76,76,86,86,0,86,86,86,86,86,86,86,86,86,86,86,86,86,86,86,86,86,86,86,86,86,102,102,102,101,101,101,101,101,0,101,101,101,101,101,101,101,NA,NA,NA,NA,NA,NA
"Baby_cry06",0,0,0,0,0,0,0,0,0,0,0,0,0,0,0,0,0,0,0,0,0,0,0,0,0,0,0,0,60,61,61,61,61,0,61,0,0,61,61,61,61,58,58,58,58,58,58,57,57,57,150,150,150,150,150,150,150,150,150,150,75,75,75,76,76,76,76,76,76,76,76,76,76,76,76,76,76,76,76,76,76,76,0,76,76,76,76,76,76,76,76,76,76,76,76,76,76,76,76,76,76,76,76,0,0,0,0,76,76,76,76,76,76,76,86,86,0,86,86,86,86,86,86,86,86,86,86,86,86,86,86,86,86,86,86,86,86,86,102,102,102,101,101,101,101,101,0,101,101,101,101,101,101,101,NA,NA,NA,NA,NA,NA
"Baby_cry07",0,0,0,0,0,0,0,0,0,0,0,0,0,0,0,0,0,0,0,0,0,0,0,0,0,0,0,0,0,0,0,0,0,0,0,0,0,0,0,0,0,0,0,0,0,0,0,0,0,0,0,0,0,0,0,0,0,0,0,0,0,0,0,0,0,0,0,0,0,0,0,0,0,0,0,0,0,0,0,0,0,0,0,0,0,0,0,0,0,0,0,0,0,0,0,0,0,0,0,0,0,0,0,0,0,0,0,0,0,0,0,0,0,0,0,0,0,0,0,0,0,0,0,0,0,0,0,0,0,0,0,0,0,0,0,0,0,0,0,0,0,0,0,0,0,0,0,0,0,0,0,0,107,107,NA,NA,NA,NA,NA,NA
"Baby_cry08",0,0,0,0,0,0,0,0,0,0,0,0,0,0,0,0,0,0,0,0,0,0,0,0,0,0,0,0,0,0,0,0,0,0,0,0,0,0,0,0,0,0,0,0,0,0,0,0,0,0,0,0,0,0,0,0,0,0,0,0,0,0,0,0,0,0,0,0,0,0,0,0,0,0,0,0,0,0,0,0,0,0,0,0,0,0,0,0,0,0,0,0,0,0,0,0,0,0,0,0,0,0,0,0,0,0,0,0,0,0,0,0,0,0,0,0,0,0,0,0,0,0,0,0,0,0,0,0,0,0,0,0,0,0,0,0,0,0,0,0,0,0,0,0,0,0,0,0,0,0,0,0,41,41,NA,NA,NA,NA,NA,NA
"Baby_cry09",0,0,0,0,0,0,0,0,0,0,0,0,0,0,0,0,0,0,0,0,0,0,0,0,0,0,0,75,75,75,75,75,76,77,77,77,77,77,78,78,40,40,40,40,40,40,40,40,40,40,40,40,40,40,40,40,40,40,40,40,40,40,40,40,40,40,40,40,40,40,40,40,40,40,40,40,40,40,40,40,40,40,40,40,40,40,40,40,40,40,40,40,40,40,40,40,40,40,40,40,40,40,40,40,40,40,40,40,40,40,40,40,40,40,40,40,40,40,40,40,40,40,40,40,40,40,40,40,40,40,40,40,40,40,40,40,40,40,40,40,40,40,40,40,40,40,40,40,40,40,40,40,40,40,NA,NA,NA,NA,NA,NA
"Baby_cry10",0,0,0,0,0,0,0,0,0,0,0,0,0,0,0,0,0,0,0,0,0,0,0,0,0,0,0,0,0,0,0,108,108,108,108,108,108,108,108,108,108,108,108,108,108,108,108,108,108,108,108,108,108,108,0,0,0,0,0,108,0,0,108,108,108,108,108,108,0,108,108,0,0,0,0,108,108,108,108,0,0,108,108,108,108,108,108,108,108,108,108,108,108,108,0,0,0,108,108,108,108,0,0,108,0,0,0,0,0,0,0,0,0,0,0,108,108,108,108,108,108,0,0,0,0,0,0,0,0,0,0,0,0,0,0,0,0,0,0,0,0,0,0,0,0,0,0,0,0,0,108,108,108,108,NA,NA,NA,NA,NA,NA
"Baby_cry11",0,0,0,0,0,0,0,0,0,0,0,67,67,67,67,67,67,68,68,68,68,68,67,0,0,68,68,67,67,67,66,66,66,66,65,0,65,65,65,65,65,65,65,65,0,0,0,0,0,0,65,65,65,65,65,65,65,65,65,65,65,65,65,65,65,137,137,137,137,137,137,137,137,137,137,137,137,137,137,137,137,137,137,137,137,137,137,137,137,137,137,137,0,137,137,137,137,137,137,137,137,137,137,137,137,137,137,137,0,137,137,137,137,137,137,137,137,137,137,137,137,137,137,0,137,137,137,137,137,137,137,137,137,137,137,137,137,0,137,0,0,0,137,137,137,137,137,137,137,137,137,137,137,137,NA,NA,NA,NA,NA,NA
"Baby_cry12",0,0,0,0,0,0,0,0,0,0,0,0,0,0,0,0,0,0,0,0,0,0,0,119,119,121,121,121,60,61,60,61,61,61,61,61,61,61,61,61,61,61,61,62,62,62,62,62,63,127,127,127,127,127,127,127,127,127,127,127,127,127,127,0,127,127,127,127,127,127,127,127,127,127,127,127,127,127,127,127,127,127,127,127,127,127,127,127,127,420,420,420,420,420,420,420,420,420,420,420,420,420,420,420,420,420,420,420,420,420,420,420,420,420,420,420,420,420,420,420,420,420,420,420,420,0,420,420,420,0,420,0,0,0,0,0,0,0,420,0,0,0,0,0,0,0,0,0,0,0,420,127,127,127,NA,NA,NA,NA,NA,NA
"Baby_cry13",0,0,0,0,0,0,0,0,0,0,0,0,0,0,0,0,0,0,42,42,42,42,42,42,42,42,42,42,41,41,41,41,41,41,41,41,41,41,41,41,41,41,41,41,41,41,41,41,41,41,82,82,82,82,82,82,82,41,41,41,41,41,41,41,41,41,41,41,41,40,40,40,40,40,40,40,40,40,40,40,40,40,40,40,40,40,40,40,40,40,40,40,40,40,40,40,40,40,40,40,40,40,40,40,40,40,40,40,40,40,40,40,40,40,40,40,40,40,40,40,40,40,40,40,40,40,40,40,40,40,40,40,40,40,40,40,40,40,40,40,40,40,40,40,40,40,40,40,40,40,40,40,40,40,NA,NA,NA,NA,NA,NA
"Baby_cry14",0,0,0,0,0,0,0,0,0,0,0,0,0,0,0,0,0,126,126,126,126,126,0,126,126,126,126,126,125,125,125,125,125,126,126,126,126,126,126,126,126,126,126,126,126,128,128,129,129,129,129,129,130,130,129,129,131,132,132,132,132,132,132,132,132,132,132,132,132,133,133,133,133,133,133,133,133,0,133,0,133,0,0,0,133,0,133,0,0,0,0,0,133,0,0,0,0,0,0,0,0,0,0,0,0,0,0,0,0,0,0,0,0,0,0,0,0,0,0,0,0,0,0,0,0,0,0,0,133,133,133,133,133,133,0,0,0,0,0,0,0,0,0,0,0,0,0,0,0,0,133,133,133,133,NA,NA,NA,NA,NA,NA
"Baby_cry15",0,0,0,0,0,0,0,0,0,0,0,0,93,93,93,93,93,93,93,93,93,93,93,93,93,93,93,93,93,93,94,94,94,94,94,94,94,94,0,94,94,94,94,94,94,94,94,94,94,94,94,94,94,94,94,94,94,94,94,94,94,94,94,94,94,94,94,94,94,94,99,99,99,99,100,100,100,100,100,99,0,99,99,99,99,0,99,0,0,0,99,99,99,99,99,99,99,99,99,99,99,99,99,99,99,99,99,99,99,99,99,99,99,99,99,99,99,99,99,99,99,99,99,99,99,99,99,99,99,99,99,99,99,0,0,0,99,108,108,108,108,108,108,108,108,108,108,108,108,108,108,108,108,108,NA,NA,NA,NA,NA,NA
"Baby_cry16",0,0,0,0,0,0,0,0,0,0,0,0,0,0,0,0,0,0,0,0,0,0,0,0,0,0,0,0,0,0,0,0,0,0,0,0,0,0,0,0,0,0,0,0,0,0,0,0,0,0,0,0,0,0,210,210,210,210,210,210,210,211,211,211,211,211,211,211,211,211,211,211,211,211,211,211,211,211,211,211,211,211,211,0,211,0,0,0,0,0,0,0,0,211,106,0,106,106,0,0,0,106,0,0,0,0,0,0,106,0,106,106,0,106,106,106,0,0,106,0,0,0,0,0,0,0,0,0,0,0,0,0,0,0,0,0,0,0,106,0,0,0,0,0,106,106,106,106,106,106,106,106,106,106,NA,NA,NA,NA,NA,NA
"Baby_cry17",0,0,0,0,0,0,0,0,0,0,0,0,0,0,0,0,0,0,0,0,0,102,101,101,101,101,101,101,101,101,101,101,101,101,101,101,101,101,102,102,102,102,102,102,102,102,102,102,0,102,102,102,102,102,102,102,0,0,0,102,102,102,102,0,0,102,102,102,102,102,102,101,101,101,101,101,101,101,101,101,102,102,102,102,102,102,102,102,102,102,102,102,102,102,102,102,102,102,103,103,103,103,103,103,103,103,103,103,103,103,103,103,103,103,103,103,103,99,99,99,99,99,99,99,99,99,99,100,100,100,100,100,100,100,100,100,100,100,100,100,100,100,100,100,0,0,0,0,0,0,100,100,100,100,NA,NA,NA,NA,NA,NA
"Baby_cry18",0,0,0,0,0,0,0,0,0,0,0,0,0,0,0,0,0,0,0,0,0,0,0,0,0,0,100,100,100,100,100,100,100,100,100,100,100,100,100,100,100,100,100,100,100,100,100,100,100,100,100,100,100,100,100,100,100,100,100,100,100,100,100,100,100,100,100,100,100,100,100,100,100,100,100,100,108,108,108,108,108,108,108,108,108,108,110,110,111,111,111,111,111,111,111,111,111,111,111,111,111,111,111,111,111,111,111,111,111,111,111,111,111,111,111,111,111,111,111,111,111,111,111,111,111,111,111,111,111,111,111,111,111,111,111,111,111,111,111,111,111,111,111,111,111,111,111,111,111,111,111,111,111,111,NA,NA,NA,NA,NA,NA
"Baby_cry19",0,0,0,0,0,0,0,0,0,0,0,0,0,0,0,0,0,0,0,0,0,0,0,0,0,0,0,0,0,0,0,0,0,0,0,0,0,0,0,0,0,0,0,0,0,0,0,0,0,0,0,0,0,0,0,0,0,0,0,0,0,0,0,0,0,0,0,0,0,0,0,0,0,0,0,0,0,0,0,0,0,0,0,0,0,0,0,0,0,0,0,0,0,0,0,0,0,0,0,0,0,0,0,0,0,0,0,0,0,0,0,0,0,0,0,0,0,0,0,0,0,0,0,0,0,0,0,0,0,0,0,0,0,0,0,0,0,0,0,0,0,0,0,0,0,0,0,0,0,0,0,0,0,120,NA,NA,NA,NA,NA,NA
"Baby_cry20",0,0,0,0,0,0,0,0,0,0,0,0,0,0,0,0,0,0,0,0,0,0,0,0,0,0,127,127,127,127,127,127,127,127,127,127,127,127,127,127,127,127,127,127,127,127,127,127,127,127,127,127,127,0,127,127,127,127,127,127,127,127,0,127,127,127,0,0,0,0,0,0,0,0,127,127,0,0,0,0,0,0,0,0,0,0,0,0,127,0,0,0,0,0,0,0,0,0,0,127,127,127,127,127,127,127,0,127,0,0,0,0,0,0,0,127,0,0,0,0,0,0,0,0,127,127,127,127,127,0,0,0,0,127,0,127,0,0,0,0,0,0,0,127,0,0,0,0,0,0,127,127,127,127,NA,NA,NA,NA,NA,NA
"Baby_cry21",0,0,0,0,0,0,0,0,0,0,0,0,0,0,168,168,168,168,168,168,168,168,168,168,168,168,168,168,168,168,168,168,168,169,168,169,169,169,169,169,169,169,169,169,0,169,169,169,169,169,169,169,169,169,169,169,169,169,169,169,169,169,169,169,169,169,169,169,169,169,0,0,0,0,0,0,0,0,169,0,169,0,0,169,0,0,0,0,169,169,169,169,169,169,169,169,169,169,169,0,169,0,0,0,169,169,169,169,169,169,169,169,169,148,148,150,77,77,77,77,77,77,77,77,77,77,77,77,79,79,79,79,79,79,79,79,79,79,80,80,82,82,82,82,82,83,83,83,81,84,81,81,81,81,NA,NA,NA,NA,NA,NA
"Baby_laugh01",0,0,0,0,0,0,0,0,0,0,0,0,140,140,140,140,140,140,140,140,140,140,140,140,140,140,140,140,140,140,0,140,140,0,0,0,140,0,0,0,0,0,0,140,140,140,140,140,0,140,140,140,140,140,140,140,140,140,140,140,140,140,140,140,140,140,140,140,140,140,140,140,140,140,140,140,0,141,141,141,141,141,141,0,0,0,0,0,0,0,0,0,0,0,0,0,0,0,0,0,0,0,0,0,0,0,0,0,0,0,0,0,0,0,0,0,0,0,0,0,0,0,0,0,0,0,0,0,0,0,0,0,0,0,0,0,0,0,0,0,0,0,0,0,0,0,0,0,0,0,141,141,141,141,141,0,141,141,80,80
"Baby_laugh02",0,0,0,0,0,0,0,0,0,0,0,0,0,0,0,0,0,0,0,0,0,0,0,0,0,136,136,136,0,0,0,137,137,137,0,137,137,137,137,137,137,138,138,138,138,138,138,138,138,138,138,138,0,0,0,0,138,138,138,138,138,138,138,138,138,138,138,138,138,138,138,138,138,138,138,138,0,0,0,0,0,0,0,0,0,0,0,0,0,0,0,0,0,0,0,0,0,0,0,0,0,0,0,0,0,0,0,0,0,0,0,0,0,0,0,0,0,0,0,0,0,0,0,0,0,0,0,0,0,0,0,0,0,0,0,0,0,0,0,0,0,0,0,0,0,0,0,0,0,0,138,138,138,138,138,NA,NA,NA,NA,NA
"Baby_laugh03",0,0,0,0,0,0,0,0,0,0,0,0,0,0,0,0,0,125,125,126,126,126,126,126,126,0,0,126,0,0,0,0,0,0,0,0,0,0,0,126,126,126,126,126,126,126,126,126,126,126,126,126,126,126,126,126,126,135,135,135,135,135,135,135,135,135,0,135,0,0,0,0,0,0,0,0,0,0,0,0,0,0,0,135,135,135,135,135,135,135,135,135,135,135,135,135,135,135,0,0,0,0,0,0,0,0,0,0,0,0,0,0,0,0,0,0,0,0,0,0,0,135,135,135,135,0,135,0,0,0,0,0,0,0,0,135,135,0,0,0,0,0,0,135,135,135,0,0,0,0,135,135,135,135,135,0,135,135,135,135
"Baby_laugh04",0,0,0,0,0,0,0,0,0,0,0,67,66,66,66,66,66,66,65,65,65,65,65,65,65,65,65,0,0,0,0,0,65,0,0,0,0,0,0,0,65,65,65,65,65,65,65,65,65,0,65,65,65,65,65,65,65,65,65,65,0,0,0,0,0,0,0,0,0,0,0,0,0,0,0,0,0,0,0,0,0,0,0,0,0,65,65,65,65,65,65,65,65,65,65,65,65,65,65,65,65,65,98,98,98,98,98,98,98,98,98,98,98,98,98,98,98,98,98,98,98,98,98,98,98,98,98,98,98,98,0,0,0,0,0,0,0,0,0,0,0,0,98,98,98,98,0,0,0,98,98,98,98,98,98,NA,NA,NA,NA,NA
"Baby_laugh05",0,0,0,0,0,0,0,0,0,0,0,67,66,66,66,66,66,66,65,65,65,65,65,65,65,65,65,0,0,0,0,0,65,0,0,0,0,0,0,0,65,65,65,65,65,65,65,65,65,0,65,65,65,65,65,65,65,65,65,65,0,0,0,0,0,0,0,0,0,0,0,0,0,0,0,0,0,0,0,0,0,0,0,0,0,65,65,65,65,65,65,65,65,65,65,65,65,65,65,65,65,65,98,98,98,98,98,98,98,98,98,98,98,98,98,98,98,98,98,98,98,98,98,98,98,98,98,98,98,98,0,0,0,0,0,0,0,0,0,0,0,0,98,98,98,98,0,0,0,98,98,98,98,98,98,NA,NA,NA,NA,NA
"Baby_laugh06",0,0,0,0,0,0,0,0,0,0,0,0,0,0,0,0,0,0,0,0,0,0,0,0,0,0,0,0,0,0,0,0,0,0,0,0,0,0,0,0,0,0,0,0,0,0,152,152,152,154,154,154,154,154,154,154,154,154,154,154,154,154,154,154,154,159,159,159,159,159,159,159,159,159,159,159,159,159,159,159,159,159,159,159,159,159,159,159,159,159,159,159,159,159,159,159,159,0,159,159,159,159,159,189,189,189,189,191,191,191,191,191,191,192,192,192,192,0,0,0,0,0,0,0,0,0,0,0,0,0,0,0,0,0,0,0,0,0,0,0,0,0,0,0,0,0,0,0,0,0,192,192,192,192,192,NA,NA,NA,NA,NA
"Baby_laugh07",0,0,0,0,0,0,0,0,0,0,0,0,0,0,0,0,0,0,0,0,0,61,61,61,61,61,61,61,61,61,62,62,62,62,62,0,62,62,62,62,62,62,62,62,62,62,62,0,0,62,62,62,62,62,62,62,62,62,62,62,62,62,62,62,62,62,62,62,62,62,62,62,62,151,151,0,151,151,151,151,151,151,151,151,151,151,151,151,151,151,151,151,151,151,329,329,329,329,329,329,329,329,162,162,161,161,161,161,161,161,161,161,162,162,162,162,162,165,165,165,165,165,165,165,165,0,165,165,0,165,165,165,165,165,165,0,0,165,165,165,165,165,165,165,165,0,0,0,0,0,165,165,165,165,165,NA,NA,NA,NA,NA
"Baby_laugh08",0,0,0,0,0,0,0,0,0,0,0,0,0,0,0,0,0,0,0,0,0,0,0,0,0,0,0,0,148,148,148,148,148,148,148,148,148,148,0,148,148,148,148,0,0,0,0,0,0,0,0,0,0,0,0,0,148,148,148,148,0,148,148,148,148,148,0,0,0,0,148,148,148,148,148,148,148,148,148,0,148,148,148,148,148,148,148,0,0,148,131,131,131,131,130,130,130,130,130,130,130,130,130,0,130,130,130,0,0,0,130,0,0,0,0,0,0,0,0,0,0,0,0,130,0,0,0,0,0,0,0,0,0,0,0,0,0,130,0,0,0,0,0,130,130,130,0,130,0,0,130,130,130,130,130,130,0,130,130,130
"Baby_laugh09",0,0,0,0,0,0,0,0,0,0,0,0,0,0,0,0,0,0,0,61,61,61,61,61,61,61,61,62,0,62,62,62,0,63,0,63,0,0,0,0,63,63,63,63,63,63,63,63,63,63,63,63,124,124,124,124,124,124,124,124,124,124,0,124,124,0,124,124,124,124,0,0,0,0,0,0,0,0,0,124,124,124,124,124,124,124,124,124,124,124,124,124,124,0,0,0,0,0,0,0,0,0,0,124,124,0,124,123,123,0,0,0,0,0,123,0,0,0,0,123,0,0,0,0,0,0,0,0,0,0,0,0,0,0,0,123,0,123,123,123,0,0,0,123,123,123,123,0,123,123,123,123,123,123,123,NA,NA,NA,NA,NA
"Baby_laugh10",0,0,0,0,0,0,0,0,0,0,0,0,0,0,0,0,0,0,0,0,94,94,95,95,95,95,95,64,65,65,65,66,66,66,66,68,69,69,69,69,69,69,71,71,71,71,71,71,71,71,71,71,71,71,71,71,71,71,0,71,71,71,71,71,71,71,71,71,70,70,69,69,69,69,69,69,69,69,138,138,138,138,138,138,138,138,138,138,138,138,138,138,138,138,138,138,138,138,138,138,138,138,138,138,138,138,0,0,0,0,0,0,0,0,0,0,0,0,0,0,0,0,0,0,0,0,0,0,0,0,0,0,0,0,0,0,0,0,0,0,0,0,0,0,0,0,0,0,0,0,138,138,138,138,138,NA,NA,NA,NA,NA
"Baby_laugh11",0,0,0,0,0,0,0,0,0,0,0,131,131,131,131,131,131,131,132,132,132,132,132,133,133,133,133,133,133,133,133,133,133,133,133,133,133,133,133,133,133,133,133,133,133,133,133,133,133,133,133,133,133,133,133,133,133,133,133,133,133,133,155,154,154,154,154,154,154,153,153,152,152,152,152,152,152,152,152,152,152,152,0,152,152,152,152,152,0,152,0,0,0,0,0,0,152,152,152,152,152,152,152,152,152,152,152,152,152,152,152,152,133,133,133,133,133,0,0,133,133,133,133,132,132,132,132,0,132,132,132,132,0,0,0,0,132,0,0,132,132,132,132,132,132,132,132,132,0,0,133,133,133,133,133,133,0,133,133,133
"Baby_laugh12",0,0,0,0,0,0,0,0,0,0,0,48,49,49,49,49,49,49,49,49,49,49,49,50,50,50,50,50,50,50,50,50,50,50,50,50,50,50,50,50,50,51,51,51,53,53,53,53,53,53,54,54,54,54,55,55,55,55,56,56,56,56,56,56,56,56,56,56,56,56,0,0,0,0,0,0,0,0,0,0,0,0,0,56,56,56,56,56,56,56,56,56,56,56,56,56,56,56,56,56,56,0,0,56,56,56,56,56,56,56,56,56,56,56,56,56,56,56,56,56,56,56,56,56,56,56,56,56,56,56,56,56,145,145,145,145,145,145,145,145,145,145,145,145,145,145,145,145,145,145,145,145,145,145,145,NA,NA,NA,NA,NA
"Baby_laugh13",0,0,0,0,0,0,0,0,0,0,0,0,0,0,0,0,0,0,0,0,0,0,0,0,0,0,0,0,0,0,0,0,0,0,0,0,0,0,0,0,0,0,0,0,0,0,0,0,0,0,0,0,0,0,0,0,0,0,0,0,0,0,0,0,0,0,0,0,0,0,0,0,0,0,0,0,0,0,0,0,0,0,0,0,164,163,163,163,163,163,163,164,164,164,164,164,164,164,164,164,164,169,169,169,169,169,169,169,169,169,169,169,169,169,169,169,169,169,169,169,0,169,169,169,169,169,169,169,169,169,169,169,169,169,169,169,169,169,169,169,169,169,169,169,169,169,169,169,169,169,169,169,169,169,169,NA,NA,NA,NA,NA
"Baby_laugh14",0,0,0,0,0,0,0,0,0,0,0,0,0,0,0,0,0,0,0,0,0,0,0,0,0,0,0,0,0,0,0,0,0,50,50,50,50,50,50,50,50,50,50,50,0,50,50,50,50,50,50,0,51,0,0,0,0,0,51,51,51,51,51,51,51,51,51,51,51,51,51,51,51,51,51,51,51,51,51,51,51,51,51,51,51,51,51,51,51,148,148,148,148,148,148,148,148,148,148,148,148,148,148,148,148,148,148,148,148,148,148,148,148,0,148,148,148,148,148,152,152,152,152,152,152,152,152,152,152,152,152,152,152,51,51,51,51,51,51,51,51,51,51,51,51,51,51,51,51,51,51,51,51,51,51,51,0,51,51,51
"Baby_laugh15",0,0,0,0,0,0,0,0,0,0,0,0,0,0,0,0,0,0,0,0,0,0,0,0,0,0,0,0,0,0,0,0,0,69,69,69,69,67,67,67,64,64,64,64,64,64,64,64,64,64,64,64,0,0,64,64,0,0,0,0,0,64,64,0,0,64,64,64,64,66,66,66,66,66,67,67,67,67,67,67,67,67,67,67,0,0,0,0,0,0,0,0,67,67,67,67,67,67,67,67,67,0,0,67,0,0,67,0,0,0,0,0,0,67,67,67,67,67,67,67,67,67,67,67,67,0,67,67,0,0,67,0,0,0,0,0,0,0,0,0,0,0,0,0,0,0,67,67,67,67,67,67,67,67,67,NA,NA,NA,NA,NA
"Baby_laugh16",0,0,0,0,0,0,0,0,0,0,0,0,0,0,0,0,113,0,113,0,0,0,113,113,113,112,113,113,113,113,113,113,113,113,0,0,0,0,0,0,0,0,113,113,113,113,113,113,113,113,113,113,113,113,113,113,113,113,113,113,113,113,113,113,113,113,113,113,113,113,113,113,113,113,113,113,113,113,113,113,113,111,111,111,111,111,111,111,111,111,111,110,110,110,110,110,110,110,110,110,110,110,110,110,110,110,110,110,110,110,110,110,110,110,110,110,110,110,110,110,110,110,110,110,0,110,110,110,110,0,110,110,110,110,110,110,110,110,110,110,110,110,110,110,110,110,110,110,110,110,110,110,110,110,110,110,0,110,110,110
"Baby_laugh17",0,0,0,0,0,0,0,0,0,0,0,0,0,0,0,0,0,0,0,0,0,0,0,0,0,0,0,0,0,0,0,0,0,0,0,0,0,0,0,0,0,0,0,0,179,179,179,179,179,179,177,176,177,177,177,177,177,177,176,176,176,176,176,176,0,176,0,176,0,176,0,0,176,176,176,176,0,0,0,176,0,176,0,0,0,0,0,176,0,0,176,0,0,0,0,0,0,0,0,0,0,0,0,0,0,0,0,176,176,176,176,176,176,176,176,176,176,174,174,174,174,173,173,173,0,0,0,0,0,173,173,173,173,0,0,0,0,173,0,173,173,173,0,0,0,0,0,0,0,0,173,173,173,173,173,NA,NA,NA,NA,NA
"Baby_laugh18",0,0,0,0,0,0,0,0,0,0,0,0,0,0,0,0,0,0,0,0,0,0,0,0,0,0,0,0,0,0,0,0,0,0,0,0,0,0,0,0,0,138,140,140,140,141,141,142,142,143,143,145,145,145,145,146,146,146,146,146,146,146,147,147,147,147,147,149,149,149,149,149,149,149,149,149,149,149,149,149,149,149,149,150,149,149,149,150,0,150,0,0,0,0,0,0,0,150,150,150,150,150,150,0,0,150,150,0,0,0,0,150,150,150,150,150,150,150,150,150,150,150,0,150,150,150,150,150,150,149,149,149,150,150,0,0,0,0,0,0,150,150,150,150,0,150,150,150,150,150,150,150,150,149,149,149,0,149,149,149
"Baby_neutral01",0,0,0,0,0,0,0,0,0,0,0,0,0,0,129,129,129,130,130,130,130,130,131,131,131,131,131,131,130,130,130,130,130,130,130,130,130,130,130,129,129,129,129,129,129,129,129,129,129,128,128,128,128,129,128,128,128,128,128,128,128,128,128,128,128,128,128,128,128,128,128,128,128,128,128,128,128,128,128,128,127,127,127,127,127,127,127,127,127,127,128,128,128,128,128,129,129,129,129,0,0,0,0,129,129,0,0,0,0,0,0,0,0,0,0,0,0,0,0,0,0,0,129,0,0,0,0,0,0,0,0,0,0,0,0,0,0,0,0,0,0,0,0,0,0,0,0,0,0,0,129,129,129,129,129,0,129,129,129,129
"Baby_neutral02",0,0,0,0,0,0,0,0,0,0,0,0,0,0,0,0,0,0,0,0,0,0,0,0,0,0,0,0,0,0,0,0,0,0,0,0,0,0,0,0,0,0,0,0,0,0,0,0,0,0,0,0,0,0,0,0,0,0,0,0,180,180,180,180,180,180,182,182,182,182,182,182,182,182,182,182,182,182,182,182,182,182,0,182,0,0,182,182,182,182,182,182,182,182,182,182,182,182,182,0,182,182,0,182,0,0,182,0,0,182,0,0,0,0,0,182,182,182,0,182,0,0,182,0,0,182,0,0,182,182,182,182,0,0,0,0,0,182,0,182,182,182,182,182,182,182,0,0,182,182,182,182,182,182,182,0,182,182,182,182
"Baby_neutral03",0,0,0,0,0,0,0,0,0,0,0,0,0,0,0,0,0,0,0,0,0,0,0,0,0,0,0,0,142,142,142,142,143,143,143,143,143,143,143,143,143,143,143,143,143,144,144,144,144,144,144,0,144,146,146,146,146,146,146,146,146,146,0,146,146,0,146,146,146,146,146,146,146,146,146,146,146,146,146,146,146,146,146,0,0,146,146,146,146,146,146,146,146,146,146,146,146,146,146,146,146,146,146,146,146,146,146,0,146,146,146,146,146,146,146,146,146,146,146,146,146,146,146,146,146,146,146,146,146,0,0,0,0,0,0,0,0,0,0,146,146,146,146,146,0,0,0,0,0,0,146,146,146,146,146,0,146,146,146,146
"Baby_neutral04",0,0,0,0,0,0,0,0,0,0,0,134,135,135,135,135,135,135,135,135,135,135,135,135,135,136,138,139,139,140,140,140,141,141,141,141,142,142,142,142,143,143,143,143,143,143,143,143,143,143,145,146,146,146,146,146,146,146,146,146,146,146,146,146,146,146,146,146,146,146,146,146,146,146,146,146,146,146,146,146,146,146,146,146,0,146,146,146,146,146,146,146,146,146,146,146,146,146,0,146,146,0,146,146,146,146,146,0,0,146,146,146,146,146,146,146,146,146,146,146,146,146,146,146,146,146,146,146,146,146,146,146,146,146,146,146,146,146,146,146,146,176,176,176,176,176,176,176,176,176,176,176,176,176,176,0,176,176,176,176
"Baby_neutral05",0,0,0,0,0,0,0,0,0,0,0,0,0,0,0,159,159,159,159,159,159,159,159,159,156,156,156,156,156,156,156,0,0,0,0,156,0,156,156,156,156,157,157,157,157,157,159,159,159,159,159,159,159,159,159,159,159,159,159,159,159,160,160,160,160,160,0,0,0,0,0,0,0,0,0,0,0,0,0,0,160,160,160,160,160,160,160,160,160,160,160,160,160,154,154,154,153,153,153,153,0,153,154,154,154,154,156,156,156,156,156,156,156,0,0,0,0,0,0,0,156,156,156,156,155,155,155,155,155,155,155,155,155,155,155,155,155,155,155,155,155,155,155,155,155,155,156,156,156,0,156,156,156,156,NA,NA,NA,NA,NA,NA
"Baby_neutral06",0,0,0,0,0,0,0,0,0,0,0,0,0,0,0,0,0,0,0,0,0,0,0,142,142,142,142,142,142,143,143,143,143,143,143,143,143,143,143,144,145,145,145,145,145,145,145,145,145,145,145,145,145,145,145,146,146,146,146,146,145,145,145,145,145,145,145,145,145,144,145,145,145,145,145,145,145,145,145,146,146,146,146,146,146,146,146,146,146,146,146,146,146,146,147,0,147,147,147,147,147,147,147,147,147,147,147,147,147,147,147,0,0,0,0,0,0,0,0,147,147,147,147,0,147,0,0,0,0,0,0,0,147,0,147,147,0,147,147,147,147,147,147,147,147,147,147,147,147,147,147,147,147,147,NA,NA,NA,NA,NA,NA
"Baby_neutral07",0,0,0,0,0,0,0,0,0,0,0,47,47,47,47,47,47,47,47,47,47,47,46,46,46,46,46,46,45,45,45,45,45,45,45,44,44,44,44,44,44,44,44,43,43,43,43,43,43,43,43,43,42,42,42,42,42,42,42,42,42,42,42,42,42,42,42,42,41,41,41,41,41,41,41,41,41,41,41,41,41,41,41,41,41,41,41,41,41,41,41,41,41,41,41,41,41,42,42,42,42,42,42,42,42,42,42,42,42,42,42,42,42,42,42,42,42,42,42,42,42,42,42,42,42,42,42,42,42,42,42,42,42,42,42,42,42,42,42,42,42,42,42,42,42,42,42,42,0,0,42,42,42,42,NA,NA,NA,NA,NA,NA
"Baby_neutral08",0,0,0,0,0,0,0,0,0,0,0,0,0,0,0,0,0,0,0,0,0,0,0,0,0,0,0,0,0,0,0,0,0,0,0,0,0,181,181,181,182,182,182,183,183,183,183,183,183,183,183,183,183,0,183,183,183,183,0,0,0,0,183,183,183,0,183,183,183,183,183,183,183,183,183,0,183,183,183,183,183,183,0,0,0,0,0,0,0,0,183,183,183,183,0,183,0,183,183,0,0,0,183,0,183,0,183,183,0,0,0,183,183,183,0,183,183,183,183,183,183,183,0,183,183,183,183,183,183,183,196,196,196,0,196,196,196,196,197,197,197,197,197,197,197,197,197,197,197,0,197,197,197,197,NA,NA,NA,NA,NA,NA
"Baby_neutral09",0,0,0,0,0,0,0,0,0,0,0,0,0,0,143,143,143,143,143,143,143,143,143,143,143,143,143,143,144,144,144,144,144,145,145,145,145,145,145,145,145,145,145,145,145,145,145,145,145,145,145,145,146,146,146,146,146,147,147,0,147,0,147,147,147,147,0,0,147,0,0,147,147,147,147,147,147,147,147,147,147,147,147,147,147,147,147,147,147,147,147,147,147,147,147,147,147,147,147,147,147,147,147,147,147,147,147,147,147,147,147,147,147,147,147,147,147,147,0,147,147,147,0,147,0,147,147,0,0,0,0,0,0,0,0,0,0,0,0,0,0,147,0,0,0,0,0,0,0,0,147,147,147,147,NA,NA,NA,NA,NA,NA
"Baby_neutral10",0,0,0,0,0,0,0,0,0,0,0,0,0,0,0,0,0,0,0,0,0,0,0,0,0,0,0,0,0,0,0,0,0,0,0,0,0,0,0,0,0,0,0,0,0,0,0,0,0,0,0,0,0,0,0,0,0,0,0,0,0,0,0,0,0,0,0,0,0,0,0,0,0,0,0,0,0,0,0,0,0,0,0,0,0,0,0,0,0,0,0,0,0,0,0,0,0,0,0,0,0,0,0,0,0,0,0,0,0,0,0,0,0,0,0,0,0,0,0,0,0,0,0,0,0,0,0,0,0,0,0,0,0,0,0,0,0,0,0,0,0,0,0,0,0,0,0,0,0,0,0,0,0,0,NA,NA,NA,NA,NA,NA
"Baby_neutral11",0,0,0,0,0,0,0,0,0,0,0,0,0,0,0,0,0,0,0,0,137,137,137,137,137,136,136,136,136,136,136,137,136,136,136,136,136,136,136,136,136,136,136,136,271,271,271,271,0,271,271,271,271,271,271,271,271,271,271,271,135,135,135,135,135,135,135,135,135,135,135,135,135,135,135,135,135,135,135,135,135,135,135,135,135,135,135,135,135,135,135,135,135,135,135,135,135,135,135,135,135,135,135,135,135,135,135,135,135,135,135,135,135,135,135,135,135,135,135,135,135,135,135,135,135,135,135,135,135,135,135,135,135,135,135,135,135,135,135,135,135,135,135,135,135,135,135,135,135,0,135,135,135,135,NA,NA,NA,NA,NA,NA
"Baby_neutral12",0,0,0,0,0,0,0,0,0,0,0,0,0,0,0,0,0,0,0,0,0,0,0,0,0,0,0,0,0,0,0,0,0,0,0,0,0,0,0,0,0,0,0,0,0,0,0,0,0,0,0,0,0,0,0,0,0,0,0,180,180,180,180,180,180,182,182,182,182,182,182,182,182,182,182,182,182,182,182,182,182,0,182,0,0,182,182,182,182,182,182,182,182,182,182,182,182,182,0,182,182,0,182,0,0,182,0,0,0,0,0,0,0,0,182,182,182,0,182,0,182,182,0,0,0,0,0,182,182,182,182,0,0,0,0,0,182,0,182,182,182,182,182,182,182,0,0,182,182,0,182,182,182,182,NA,NA,NA,NA,NA,NA
"Baby_neutral13",0,0,0,0,0,0,0,0,0,0,0,0,0,0,261,261,261,131,131,131,131,131,131,131,131,131,131,131,131,130,130,130,130,130,129,129,129,128,128,128,128,128,128,128,128,128,128,128,128,128,128,127,127,127,127,127,127,127,127,127,127,127,127,127,128,128,128,128,129,129,129,129,129,129,129,129,129,129,129,129,129,129,129,129,129,129,129,128,128,128,128,128,128,128,129,127,126,126,126,126,126,126,126,126,126,127,126,126,126,126,126,126,126,126,126,126,126,126,126,126,126,126,126,126,126,126,126,126,126,126,126,126,126,126,126,126,126,126,126,126,126,126,126,126,126,126,126,126,126,126,126,126,126,126,NA,NA,NA,NA,NA,NA
"Baby_neutral14",0,0,0,0,0,0,0,0,0,0,0,0,0,0,0,0,0,0,0,0,0,0,0,0,0,0,0,0,0,0,0,0,0,0,0,0,0,0,0,0,0,0,0,0,0,0,0,0,0,0,0,0,0,0,0,0,0,0,0,0,0,0,0,0,0,0,0,0,0,0,0,0,0,0,0,0,0,0,0,0,0,0,0,0,0,0,0,0,0,0,0,0,0,0,0,0,0,0,0,0,0,0,0,0,0,0,0,0,0,0,0,0,0,0,0,0,0,0,0,0,0,0,0,0,0,0,0,0,0,0,0,0,0,0,0,0,0,0,0,0,0,0,0,0,0,0,0,0,0,0,0,0,0,0,NA,NA,NA,NA,NA,NA
"Baby_neutral15",0,0,0,0,0,0,0,0,0,0,0,0,0,0,0,0,136,136,135,134,134,134,134,134,134,134,134,134,134,134,134,134,134,134,134,134,134,134,134,0,0,0,0,0,0,0,0,0,0,0,0,0,0,0,0,0,0,0,0,0,0,0,134,134,134,134,134,134,134,134,134,134,134,134,134,134,134,134,152,152,152,152,152,152,152,152,152,152,152,0,152,152,152,152,152,152,152,152,152,152,152,152,152,152,152,152,152,152,152,152,152,152,152,152,152,152,152,152,152,152,0,0,0,0,0,0,0,0,0,0,0,0,0,0,0,0,0,0,0,0,0,0,0,0,0,0,0,0,0,0,152,152,152,152,NA,NA,NA,NA,NA,NA
"Baby_neutral16",0,0,0,0,0,0,0,0,0,0,0,0,144,144,144,144,144,144,144,146,146,146,146,146,146,146,146,147,147,147,147,147,147,147,147,147,147,147,147,147,147,147,147,147,147,147,147,147,0,0,0,0,147,147,147,147,147,147,0,147,0,0,0,147,0,0,147,147,147,147,147,147,147,147,147,147,147,147,147,147,147,147,147,147,147,147,147,147,147,147,0,0,147,0,0,147,0,147,147,0,0,0,0,0,0,0,0,0,0,0,0,0,147,0,0,147,147,147,147,147,147,147,147,147,147,147,147,147,147,147,147,147,147,147,147,147,147,0,0,0,0,0,0,0,0,0,0,0,0,0,147,147,147,147,NA,NA,NA,NA,NA,NA
"Baby_neutral17",0,0,0,0,0,0,0,0,0,0,0,0,0,0,0,0,0,0,0,0,0,0,0,0,0,0,0,0,0,0,0,0,0,0,0,0,0,0,0,0,0,0,0,0,0,0,0,0,0,0,0,0,0,0,0,0,0,0,0,0,0,0,0,0,0,0,0,0,0,0,0,0,0,0,0,0,0,0,0,0,0,0,0,0,0,0,0,0,0,0,0,0,0,0,0,0,0,0,0,0,0,0,145,145,144,144,144,144,144,144,0,0,0,0,0,0,0,0,0,0,0,0,0,0,0,0,0,0,0,0,0,0,0,0,0,0,144,0,0,0,0,144,144,144,144,144,144,144,144,144,144,144,144,144,NA,NA,NA,NA,NA,NA
"Baby_neutral18",0,0,0,0,0,0,0,0,0,0,0,0,0,0,0,0,0,0,0,46,46,46,46,46,45,45,45,45,45,45,45,45,45,45,45,42,42,42,42,42,42,42,42,42,42,42,42,42,42,42,42,42,42,42,41,41,41,41,41,41,41,41,41,41,41,41,41,41,41,41,41,41,41,0,41,41,0,0,41,0,0,0,41,0,0,41,41,0,41,0,0,0,0,0,0,0,0,0,0,0,0,0,0,0,41,41,41,41,41,41,41,41,41,41,41,41,0,0,41,41,41,41,41,41,41,41,41,41,41,41,41,41,41,41,41,41,41,41,41,41,41,41,41,41,41,41,40,40,40,40,40,40,40,40,NA,NA,NA,NA,NA,NA
"Baby_neutral19",0,0,0,0,0,0,0,0,0,0,0,0,0,0,0,0,0,281,281,281,281,141,141,141,141,141,141,141,141,141,141,142,142,142,142,142,142,142,142,142,142,142,142,142,142,142,142,0,142,142,142,142,142,142,142,142,0,142,142,142,142,142,142,0,0,142,142,142,142,142,142,142,142,142,142,142,142,142,142,142,142,142,142,142,142,142,142,142,142,142,142,174,174,174,174,174,174,0,0,0,0,0,0,0,0,0,0,0,174,174,174,174,174,174,174,0,174,174,174,174,174,174,174,0,174,174,174,174,174,174,174,174,0,0,174,174,174,174,174,174,174,0,0,0,0,174,174,0,0,0,174,174,174,174,NA,NA,NA,NA,NA,NA
"Baby_neutral20",0,0,0,0,0,0,0,0,0,0,0,0,0,0,0,0,0,0,0,0,0,0,0,0,0,0,0,0,0,0,0,0,0,0,0,0,0,0,0,0,0,0,233,236,233,233,233,233,233,233,233,233,212,212,212,212,212,212,212,212,212,212,212,212,212,212,212,212,212,212,212,212,212,212,212,212,212,181,181,181,181,182,185,185,185,185,186,186,186,187,187,187,187,188,188,188,188,188,188,188,188,188,188,188,188,188,188,188,188,188,188,196,196,196,196,196,196,196,196,196,196,196,196,196,196,196,196,196,196,196,196,196,196,196,196,196,0,0,0,0,196,196,196,196,0,0,0,0,0,0,196,196,196,196,NA,NA,NA,NA,NA,NA
"Baby_neutral21",0,0,0,0,0,0,0,0,0,0,0,0,0,0,0,0,0,0,0,0,0,166,166,166,166,166,166,166,166,166,166,0,166,166,166,166,166,166,166,166,166,166,166,166,0,0,166,166,166,166,166,0,166,166,166,0,0,0,0,0,0,0,0,0,0,0,0,0,0,0,0,0,0,166,166,166,166,166,166,166,166,166,166,166,166,166,166,166,166,166,166,166,166,166,166,166,166,166,166,161,161,161,0,0,161,161,161,161,0,161,161,161,161,161,161,161,161,161,161,161,161,161,161,161,161,161,161,161,161,161,161,161,161,161,161,161,161,0,161,0,0,0,0,0,0,0,0,0,0,0,161,161,161,161,NA,NA,NA,NA,NA,NA
"Baby_neutral22",0,0,0,0,0,0,0,0,0,0,0,126,126,126,126,126,126,126,126,126,126,126,126,126,126,126,126,126,126,126,126,126,126,126,126,126,126,126,126,126,126,126,126,126,126,126,126,126,126,126,126,126,126,126,126,126,126,126,126,126,143,143,143,143,143,143,143,143,143,143,143,143,143,143,143,0,143,143,143,143,143,143,143,143,143,143,143,143,143,143,143,143,143,143,143,143,143,143,143,143,143,143,143,143,143,143,143,0,143,143,143,143,0,0,0,143,143,143,143,143,143,0,143,143,143,143,143,143,143,143,143,143,143,143,143,143,143,143,143,143,143,143,143,143,143,143,143,143,143,143,143,143,143,143,NA,NA,NA,NA,NA,NA
"Baby_neutral23",0,0,0,0,0,0,0,0,0,0,0,0,0,0,0,0,0,0,0,0,0,0,0,0,0,0,0,0,0,0,0,0,0,0,0,0,0,0,0,0,0,0,0,0,0,0,0,0,0,0,0,0,0,0,0,0,0,0,0,140,140,140,140,140,140,141,141,141,0,0,141,141,141,141,141,141,0,0,141,0,0,0,0,0,0,0,141,141,141,141,141,141,141,141,141,141,141,141,141,0,141,141,141,0,141,141,141,141,141,141,141,141,141,141,141,141,141,0,0,0,141,141,141,141,141,41,41,41,41,41,41,41,41,41,41,41,42,42,42,42,42,42,0,42,42,0,42,42,42,42,42,42,42,42,NA,NA,NA,NA,NA,NA
"Baby_neutral24",0,0,0,0,0,0,0,0,0,0,0,0,0,0,0,0,0,0,0,0,0,0,0,0,0,0,0,0,0,0,0,0,0,0,0,0,0,0,0,0,0,0,0,0,0,0,0,0,0,0,0,0,0,0,0,0,0,0,0,140,140,140,140,140,140,141,141,141,0,0,141,141,141,141,141,141,0,0,141,0,0,0,0,0,0,0,141,141,141,141,141,141,141,141,141,141,141,141,141,0,141,141,141,0,141,141,141,141,141,141,141,141,141,141,141,141,141,0,0,0,141,141,141,141,141,41,41,41,41,41,41,41,41,41,41,41,42,42,42,42,42,42,0,42,42,0,42,42,42,42,42,42,42,42,NA,NA,NA,NA,NA,NA
"Baby_neutral25",0,0,0,0,0,0,0,0,0,0,0,0,0,0,0,0,0,0,0,0,0,0,0,0,0,0,0,0,0,0,0,0,0,0,0,0,0,0,0,0,0,0,0,0,0,0,0,0,0,0,0,0,0,0,0,0,0,0,0,0,0,0,0,0,0,0,0,0,0,0,0,0,0,0,0,0,0,0,0,0,0,0,0,0,0,0,0,0,0,0,0,0,0,0,0,0,0,0,0,0,0,0,0,0,0,0,0,0,0,0,0,0,0,0,0,0,0,161,161,161,161,161,161,161,161,161,161,161,161,161,0,0,0,161,0,0,0,0,0,0,0,0,0,0,0,0,0,0,0,0,161,161,161,161,NA,NA,NA,NA,NA,NA
