T,File.Name,Min,1Q,Median,Mean,3Q,Max,Length
1,Adultfemale_cry01.csv,149.3,553.3,1840,1424,1898,3602,155
2,Adultfemale_cry01.csv,246.3,995.7,1890,1921,3283,4165,60
3,Adultfemale_cry02.csv,268.7,632.5,1029,1261,1648,3228,38
4,Adultfemale_cry02.csv,189.2,432.5,1733,1182,1796,3684,114
5,Adultfemale_cry02.csv,443,3709,3799,3420,4051,4489,20
6,Adultfemale_cry02.csv,116.4,116.4,116.4,116.4,116.4,116.4,1
7,Adultfemale_cry02.csv,536.8,639.6,1762,1761,1910,3783,43
8,Adultfemale_cry02.csv,450.3,451.4,452.6,452.6,453.8,454.9,2
9,Adultfemale_cry03.csv,247.2,485.3,499.8,719.2,936.6,4101,75
10,Adultfemale_cry03.csv,778.3,778.3,778.3,778.3,778.3,778.3,1
11,Adultfemale_cry03.csv,158,554.9,600.5,746.8,712,4167,89
12,Adultfemale_cry03.csv,356.1,460.1,523.4,492.9,556.2,568.5,4
13,Adultfemale_cry03.csv,234.3,234.3,234.3,234.3,234.3,234.3,1
14,Adultfemale_cry04.csv,248.5,388.3,438.6,659.7,539.2,2007,111
15,Adultfemale_cry04.csv,94.49,180,236.6,210.8,258.3,275.3,10
16,Adultfemale_cry04.csv,210.1,256.3,256.7,247.6,257.3,257.5,5
17,Adultfemale_cry04.csv,252.8,253.3,253.8,253.8,254.3,254.8,2
18,Adultfemale_cry04.csv,264.4,264.4,264.4,264.4,264.4,264.4,1
19,Adultfemale_cry04.csv,266.3,266.3,266.3,266.3,266.3,266.3,1
20,Adultfemale_cry04.csv,215.7,215.7,215.7,215.7,215.7,215.7,1
21,Adultfemale_cry04.csv,268.9,269.6,270.3,270.3,270.9,271.6,2
22,Adultfemale_cry04.csv,266.7,281,297.4,293,298.6,321.9,6
23,Adultfemale_cry04.csv,275.8,276.1,276.4,276.4,276.7,277,2
24,Adultfemale_cry04.csv,224.4,226.8,229.2,228.1,229.9,230.7,3
25,Adultfemale_cry04.csv,116.2,236.3,327,282.4,365.8,366.6,5
26,Adultfemale_cry04.csv,267.9,267.9,267.9,267.9,267.9,267.9,1
27,Adultfemale_cry04.csv,254.5,255.1,285.8,276.3,286.7,305.8,9
28,Adultfemale_cry04.csv,226.8,226.9,227,227,227,227.1,2
29,Adultfemale_cry04.csv,269.6,271.6,273.7,273.7,275.7,277.8,2
30,Adultfemale_cry04.csv,235.4,235.8,236.2,243.8,248,259.8,3
31,Adultfemale_cry04.csv,227.9,232.2,247.9,241.1,248.6,250.3,7
32,Adultfemale_cry04.csv,246.8,246.8,246.8,246.8,246.8,246.8,1
33,Adultfemale_cry04.csv,259.8,259.8,259.8,259.8,259.8,259.8,1
34,Adultfemale_cry04.csv,258.4,258.4,258.4,258.4,258.4,258.4,1
35,Adultfemale_cry04.csv,276.3,276.3,276.3,276.3,276.3,276.3,1
36,Adultfemale_cry04.csv,240,242.7,257.9,251.5,258.7,260,7
37,Adultfemale_cry04.csv,189.9,251.5,256,1600,4044,4047,14
38,Adultfemale_cry04.csv,127,127.1,229.6,194.3,229.7,258,5
39,Adultfemale_cry04.csv,137.3,235.4,268.1,235.5,268.2,268.4,4
40,Adultfemale_cry04.csv,214.5,214.7,214.8,214.8,215,215.2,2
41,Adultfemale_cry04.csv,122.1,388.7,430.6,460.7,628.4,650.6,19
42,Adultfemale_cry05.csv,213.5,391.3,422.5,415.3,438.1,508,130
43,Adultfemale_cry05.csv,417,418.1,420.3,419.8,420.9,422.8,5
44,Adultfemale_cry05.csv,131.3,131.3,131.3,131.3,131.3,131.3,1
45,Adultfemale_cry05.csv,93.85,326.8,398.7,659.7,800.7,1655,35
46,Adultfemale_cry06.csv,342.6,354.4,372.6,379.6,401.5,430,61
47,Adultfemale_cry06.csv,277.8,360.2,372.4,439.5,556,686.6,61
48,Adultfemale_cry06.csv,656.2,656.2,656.2,656.2,656.2,656.2,1
49,Adultfemale_cry06.csv,246,435.4,450.2,452.2,487.2,676.6,145
50,Adultfemale_cry06.csv,433.6,434.2,434.8,434.8,435.4,436,2
51,Adultfemale_cry07.csv,131.4,293.4,334.4,766.9,339.7,3884,95
52,Adultfemale_cry07.csv,122.8,275.1,361.3,485.3,452.7,1613,160
53,Adultfemale_cry07.csv,292,292,292,292,292,292,1
54,Adultfemale_cry08.csv,263,292.5,314.4,325.5,362.3,399.6,106
55,Adultfemale_cry08.csv,269,273.7,279.9,281.4,292,292.6,5
56,Adultfemale_cry08.csv,277.6,284.9,298.7,298.4,312.6,317.8,8
57,Adultfemale_cry08.csv,273.3,275.1,276.9,276.9,278.7,280.5,2
58,Adultfemale_cry08.csv,288.7,293.6,298.5,298.5,303.5,308.4,2
59,Adultfemale_cry08.csv,308.6,308.6,308.6,308.6,308.6,308.6,1
60,Adultfemale_cry08.csv,152.4,255.2,335.2,470.2,468,1631,110
61,Adultfemale_cry09.csv,213.8,401.6,424,417.9,439,508.2,130
62,Adultfemale_cry09.csv,416.9,418,419.9,419.8,421.4,422.9,6
63,Adultfemale_cry09.csv,363.4,363.4,363.4,363.4,363.4,363.4,1
64,Adultfemale_cry09.csv,93.58,321.3,397,676.5,1263,1546,30
65,Adultfemale_cry09.csv,420.4,420.4,420.4,420.4,420.4,420.4,1
66,Adultfemale_cry09.csv,225.1,356.9,488.7,488.7,620.6,752.4,2
67,Adultfemale_cry10.csv,99.35,264.2,321.3,322.1,363,501.7,152
68,Adultfemale_cry10.csv,260,261.3,263.2,270,272.1,302.9,8
69,Adultfemale_cry10.csv,126.5,3952,4053,3642,4583,5209,44
70,Adultfemale_cry11.csv,111.4,303.7,351.3,1287,3364,3656,162
71,Adultfemale_cry11.csv,99.76,238.2,364.4,666.4,529.8,3505,107
72,Adultfemale_cry11.csv,116.8,116.8,116.8,116.8,116.8,116.8,1
73,Adultfemale_cry12.csv,129.2,375.2,415.2,1713,3572,3715,139
74,Adultfemale_cry12.csv,1822,1822,1822,1822,1822,1822,1
75,Adultfemale_cry12.csv,87.29,345.8,623.8,1556,3467,3701,82
76,Adultfemale_cry12.csv,367.9,401.5,435.2,435.2,468.8,502.4,2
77,Adultfemale_cry13.csv,82.62,318.8,379.1,1301,1904,3737,270
78,Adultfemale_cry13.csv,358,366.6,375.3,375.3,384,392.7,2
79,Adultfemale_cry13.csv,1717,1720,1723,1723,1726,1728,2
80,Adultfemale_cry14.csv,124.1,357.8,458.8,1116,1699,3613,267
81,Adultfemale_cry15.csv,194.5,350.7,352.5,343.9,377.2,404.7,7
82,Adultfemale_cry15.csv,335.9,337.2,338.5,338.5,339.7,341,2
83,Adultfemale_cry15.csv,165.6,235.3,486.4,427.8,520.3,692.1,53
84,Adultfemale_cry15.csv,57.5,100,142.5,142.5,185,227.5,2
85,Adultfemale_cry15.csv,133,133.1,133.1,133.1,133.2,133.3,2
86,Adultfemale_cry15.csv,228.2,270.5,334,699.1,378.3,3878,25
87,Adultfemale_cry15.csv,150.4,292.1,314.9,386.1,521.2,599.9,141
88,Adultfemale_cry16.csv,154.8,368.2,416.3,758.7,936.5,1951,76
89,Adultfemale_cry16.csv,422.3,422.3,422.3,422.3,422.3,422.3,1
90,Adultfemale_cry16.csv,203.9,203.9,203.9,203.9,203.9,203.9,1
91,Adultfemale_cry16.csv,162.6,162.7,162.8,162.8,162.9,163.1,2
92,Adultfemale_cry16.csv,155.8,1739,1837,2179,3550,3783,52
93,Adultfemale_cry16.csv,563,563.9,564.8,564.8,565.8,566.7,2
94,Adultfemale_cry17.csv,139,302.3,320.1,757.8,407.1,3714,99
95,Adultfemale_cry17.csv,331.3,331.3,331.3,331.3,331.3,331.3,1
96,Adultfemale_cry17.csv,320.1,320.4,320.8,327.6,331.3,341.9,3
97,Adultfemale_cry17.csv,332.9,372.7,3698,2419,3766,3856,29
98,Adultfemale_cry17.csv,361.7,362,362.2,362.3,362.6,362.9,3
99,Adultfemale_cry17.csv,346.8,350.6,354.3,354.3,358,361.7,2
100,Adultfemale_cry17.csv,371.5,371.5,371.5,371.5,371.5,371.5,1
101,Adultfemale_cry17.csv,192.5,192.5,192.5,192.5,192.5,192.5,1
102,Adultfemale_cry17.csv,282.9,282.9,282.9,282.9,282.9,282.9,1
103,Adultfemale_cry17.csv,171.5,171.5,171.5,171.5,171.5,171.5,1
104,Adultfemale_cry17.csv,255.3,255.3,255.3,255.3,255.3,255.3,1
105,Adultfemale_cry17.csv,216.1,219.9,223.7,223.7,227.4,231.2,2
106,Adultfemale_cry17.csv,247.6,264.4,281.2,281.2,298,314.9,2
107,Adultfemale_cry17.csv,205.3,205.3,205.3,205.3,205.3,205.3,1
108,Adultfemale_cry17.csv,204.4,207.1,209.7,209.7,212.3,214.9,2
109,Adultfemale_cry17.csv,509,1817,3748,2883,3848,4002,44
110,Adultfemale_cry17.csv,1031,1730,2430,2430,3129,3828,2
111,Adultfemale_cry18.csv,193.5,527.4,581.6,599.6,627.9,3823,152
112,Adultfemale_cry18.csv,273.2,288.8,295.3,290.3,296.9,297.3,4
113,Adultfemale_cry18.csv,241.3,245.6,249.9,249.9,254.1,258.4,2
114,Adultfemale_cry18.csv,257.2,257.2,257.2,257.2,257.2,257.2,1
115,Adultfemale_cry18.csv,227,383.5,431.9,579,509.8,3927,108
116,Adultfemale_cry18.csv,322.8,324.6,326.3,326.3,328,329.7,2
117,Adultfemale_cry19.csv,88.29,256.8,341.3,849.7,1834,3647,187
118,Adultfemale_cry19.csv,151,152.4,211.6,226.9,312.2,314.1,14
119,Adultfemale_cry19.csv,152.2,200.1,247.9,247.9,295.7,343.5,2
120,Adultfemale_cry19.csv,117.5,303.4,467.8,1127,1790,7342,70
121,Adultfemale_cry19.csv,245.7,250.5,255.4,255.4,260.2,265,2
122,Adultfemale_laugh01.csv,211.1,240.7,260.4,455.7,306,3838,127
123,Adultfemale_laugh01.csv,1377,1377,1377,1377,1377,1377,1
124,Adultfemale_laugh01.csv,1535,1535,1535,1535,1535,1535,1
125,Adultfemale_laugh01.csv,193,236.1,240.1,552.2,272.9,2080,53
126,Adultfemale_laugh01.csv,428.9,428.9,428.9,428.9,428.9,428.9,1
127,Adultfemale_laugh01.csv,292.3,293.8,295.2,294.8,296,296.9,3
128,Adultfemale_laugh01.csv,4126,4130,4135,4135,4139,4144,2
129,Adultfemale_laugh01.csv,83.46,1051,1065,1969,3484,4019,40
130,Adultfemale_laugh02.csv,279,384.3,409.4,508.1,430.8,2113,106
131,Adultfemale_laugh02.csv,510.5,510.5,510.5,510.5,510.5,510.5,1
132,Adultfemale_laugh02.csv,146.7,198.8,250.8,250.8,302.9,355,2
133,Adultfemale_laugh02.csv,166,327.4,1046,1699,3557,4191,74
134,Adultfemale_laugh02.csv,243.6,347.5,2054,1521,2155,4376,53
135,Adultfemale_laugh03.csv,312.4,393.9,441.7,1173,1461,3976,61
136,Adultfemale_laugh03.csv,310.8,341.1,1428,2070,3950,4085,35
137,Adultfemale_laugh03.csv,172.3,352.6,382.4,1496,3757,4081,31
138,Adultfemale_laugh03.csv,351.2,358.6,366,366,373.4,380.7,2
139,Adultfemale_laugh03.csv,374.3,374.3,374.3,374.3,374.3,374.3,1
140,Adultfemale_laugh03.csv,108.3,357.3,436.8,1594,3778,4232,28
141,Adultfemale_laugh03.csv,387.9,387.9,387.9,387.9,387.9,387.9,1
142,Adultfemale_laugh03.csv,394,1164,1935,1935,2705,3475,2
143,Adultfemale_laugh03.csv,388.1,429,1423,1527,2021,3985,31
144,Adultfemale_laugh03.csv,143.1,388.8,1414,1598,1416,4009,19
145,Adultfemale_laugh04.csv,246.5,488.3,534.2,1193,1517,3969,51
146,Adultfemale_laugh04.csv,263.9,263.9,263.9,263.9,263.9,263.9,1
147,Adultfemale_laugh04.csv,194.4,1134,1892,1440,1907,1913,7
148,Adultfemale_laugh04.csv,1982,1982,1982,1982,1982,1982,1
149,Adultfemale_laugh04.csv,254.6,288.7,322.1,575.4,422.6,1872,36
150,Adultfemale_laugh04.csv,161.1,301.9,326.4,611.9,845.1,1755,31
151,Adultfemale_laugh04.csv,131.4,476.6,838.7,973.6,1715,1946,54
152,Adultfemale_laugh04.csv,875.2,875.8,876.5,876.5,877.1,877.8,2
153,Adultfemale_laugh04.csv,118.3,283,305.6,379.2,402,891.5,41
154,Adultfemale_laugh04.csv,272.8,273.1,273.4,275.3,275.6,281.8,4
155,Adultfemale_laugh05.csv,101.5,396.6,431.1,514.7,591.6,1881,236
156,Adultfemale_laugh05.csv,64.81,180.3,395.2,317.6,400.1,615.8,16
157,Adultfemale_laugh06.csv,66.23,265.4,399.4,413.6,428.7,1790,78
158,Adultfemale_laugh06.csv,113.8,114.2,401.1,295.3,405,443.2,10
159,Adultfemale_laugh06.csv,107.1,107.1,121.1,189,202.9,406.7,4
160,Adultfemale_laugh06.csv,111.1,330.7,340.6,342.1,355.6,418.3,181
161,Adultfemale_laugh07.csv,83.98,431.1,502.8,520.7,515.6,1059,148
162,Adultfemale_laugh07.csv,104.6,173.7,374.2,312.9,427.7,522.5,41
163,Adultfemale_laugh07.csv,46.88,272.9,647.1,690.1,665.4,2007,86
164,Adultfemale_laugh08.csv,117.6,400.1,543.7,767.7,794.6,3808,258
165,Adultfemale_laugh09.csv,108.4,240.9,301.9,513.6,349,2904,188
166,Adultfemale_laugh10.csv,99.35,342.1,515.1,896.3,564.1,3903,269
167,Adultfemale_laugh11.csv,211.6,377,627.8,1007,1075,3955,79
168,Adultfemale_laugh11.csv,99.1,311.7,1012,1184,1092,4175,192
169,Adultfemale_laugh12.csv,120.6,493.3,988.8,1995,3835,4048,154
170,Adultfemale_laugh12.csv,158.9,158.9,158.9,158.9,158.9,158.9,1
171,Adultfemale_laugh12.csv,247.7,444,640.2,511.8,643.9,647.5,3
172,Adultfemale_laugh12.csv,115,362.6,674.8,769.1,1050,1611,52
173,Adultfemale_laugh12.csv,484.9,637.2,789.6,789.6,941.9,1094,2
174,Adultfemale_laugh12.csv,109.4,430.6,655.2,731.8,1142,1311,6
175,Adultfemale_laugh12.csv,257.7,357.4,359.3,356.1,359.7,446.3,5
176,Adultfemale_laugh12.csv,88.4,294.4,386.9,667.3,1326,1584,36
177,Adultfemale_laugh13.csv,86.39,263.8,390.7,1223,2630,3156,157
178,Adultfemale_laugh13.csv,94.31,344.7,385,429.4,571.5,753.8,119
179,Adultfemale_laugh14.csv,116.3,469.4,492.2,487,519.2,1428,261
180,Adultfemale_laugh14.csv,112.1,122.1,174.9,810.9,1997,2051,14
181,Adultfemale_laugh15.csv,128,520.1,645.1,924.5,1115,3513,242
182,Adultfemale_laugh15.csv,950.8,950.8,950.8,950.8,950.8,950.8,1
183,Adultfemale_laugh15.csv,154.2,297.2,1142,929.8,1637,1669,19
184,Adultfemale_laugh15.csv,298.9,298.9,298.9,298.9,298.9,298.9,1
185,Adultfemale_laugh15.csv,1060,1060,1060,1060,1060,1060,1
186,Adultfemale_neutral01.csv,98.75,178.1,184.9,240.7,348.2,809.6,153
187,Adultfemale_neutral01.csv,178.1,178.1,178.1,178.1,178.1,178.1,1
188,Adultfemale_neutral02.csv,220.5,226.3,230.1,238.4,232.8,829.8,157
189,Adultfemale_neutral02.csv,240.1,240.1,240.1,240.1,240.1,240.1,1
190,Adultfemale_neutral03.csv,195.2,197.8,199.6,229.2,202.7,871.2,162
191,Adultfemale_neutral04.csv,226,253.8,257.5,268.6,260.4,895.7,307
192,Adultfemale_neutral05.csv,172.9,178.2,179.7,184.4,181.2,790.4,134
193,Adultfemale_neutral06.csv,214.4,223.7,227.1,267.2,228.9,850.1,179
194,Adultfemale_neutral06.csv,442.4,443.1,443.8,443.8,444.5,445.1,2
195,Adultfemale_neutral07.csv,277.5,304.3,308.5,310.8,312.7,821.9,145
196,Adultfemale_neutral08.csv,228.7,232.9,239.6,251.9,252.7,559.9,118
197,Adultfemale_neutral09.csv,123,245.6,246.6,252.1,247.7,525,164
198,Adultfemale_neutral10.csv,114.2,225.3,229.9,250.1,232.7,852.5,121
199,Adultfemale_neutral10.csv,215.7,215.9,216.1,216.1,216.3,216.5,2
200,Adultfemale_neutral11.csv,188.8,191.8,192.8,238.1,203.7,791.6,145
201,Adultfemale_neutral12.csv,238.9,247.6,249,265.3,251.6,744,194
202,Adultfemale_neutral13.csv,254.1,265.7,270.3,269.1,273,279.9,157
203,Adultfemale_neutral14.csv,274.7,278.7,281.6,281.1,283.9,286,126
204,Adultfemale_neutral15.csv,274.7,290.6,293.1,293.3,298.6,302.6,157
205,Adultmale_laugh01.csv,100.7,258.6,287.8,357,500.2,2271,261
206,Adultmale_laugh01.csv,178.9,205.1,205.5,367.1,517.7,728,5
207,Adultmale_laugh01.csv,410.6,410.6,410.6,410.6,410.6,410.6,1
208,Adultmale_laugh01.csv,387.8,388.4,389,389,389.6,390.2,2
209,Adultmale_laugh02.csv,69.92,546.2,586.1,536.3,658.5,724.7,206
210,Adultmale_laugh03.csv,46.88,197.7,210.1,470.7,270.4,1829,246
211,Adultmale_laugh03.csv,967.6,969.4,971.1,1274,1428,1884,3
212,Adultmale_laugh03.csv,1781,1781,1781,1781,1781,1781,1
213,Adultmale_laugh04.csv,108.4,221.1,678.8,713.5,1170,1730,155
214,Adultmale_laugh04.csv,468.5,518.7,569,569,619.2,669.5,2
215,Adultmale_laugh04.csv,295.2,434.6,437.4,899.1,1565,1636,9
216,Adultmale_laugh04.csv,687,1550,2354,2308,3215,3284,22
217,Adultmale_laugh04.csv,3217,3217,3217,3217,3217,3217,1
218,Adultmale_laugh04.csv,1618,1618,1618,1618,1618,1618,1
219,Adultmale_laugh04.csv,84.81,260.9,1421,935.8,1464,1682,55
220,Adultmale_laugh04.csv,84.8,106.8,188.4,182.8,260.9,261,10
221,Adultmale_laugh04.csv,94.36,94.37,286.1,286.2,477.9,478.4,4
222,Adultmale_laugh04.csv,94.45,94.45,94.45,94.45,94.45,94.45,1
223,Adultmale_laugh05.csv,96.73,292.9,368.5,525.6,683,3405,226
224,Adultmale_laugh06.csv,83.33,266.8,324.8,535.2,674.8,3055,253
225,Adultmale_laugh06.csv,726,726,726,726,726,726,1
226,Adultmale_laugh06.csv,725.4,725.4,725.4,725.4,725.4,725.4,1
227,Adultmale_laugh07.csv,93.28,374,553.3,730,690,3535,246
228,Adultmale_laugh07.csv,180.6,180.9,181.2,181.2,181.6,181.9,2
229,Adultmale_laugh07.csv,177.8,177.9,181.2,1459,3366,3391,5
230,Adultmale_laugh07.csv,121.2,173.2,200.1,227.4,280.6,362.8,7
231,Adultmale_laugh07.csv,104.1,104.4,104.5,110.4,119,120,5
232,Adultmale_laugh07.csv,225.5,225.5,225.5,225.5,225.5,225.5,1
233,Adultmale_laugh08.csv,117.8,360.7,389.7,447,608.2,813.5,276
234,Adultmale_laugh09.csv,105.2,406.7,521.9,515.9,596.4,1111,273
235,Adultmale_laugh10.csv,112.4,221.5,404.7,465.5,506.2,1562,144
236,Adultmale_laugh10.csv,171.8,287.2,402.5,402.5,517.9,633.3,2
237,Adultmale_laugh10.csv,625.6,927.8,1230,1037,1242,1254,3
238,Adultmale_laugh10.csv,1229,1229,1229,1229,1229,1229,1
239,Adultmale_laugh10.csv,1223,1227,1230,1230,1233,1236,2
240,Adultmale_laugh10.csv,412.8,413.2,413.7,413.7,414.2,414.6,2
241,Adultmale_laugh10.csv,134.7,296.6,422.7,764.6,1782,1949,82
242,Adultmale_laugh10.csv,281.5,281.5,281.5,281.5,281.5,281.5,1
243,Adultmale_laugh10.csv,397,397,397,397,397,397,1
244,Adultmale_laugh11.csv,81.7,179,287.4,576.8,517.1,3852,271
245,Adultmale_laugh12.csv,380,384.5,389,393.2,399.8,410.5,3
246,Adultmale_laugh12.csv,57.76,261.8,292.1,450.6,320.1,3468,165
247,Adultmale_laugh12.csv,93.17,239.6,344.9,1374,2763,3725,105
248,Adultmale_laugh13.csv,54.99,453.2,491.3,471.2,535.5,826.5,48
249,Adultmale_laugh13.csv,70.42,450.2,492,488.1,522.9,1382,214
250,Adultmale_laugh13.csv,101.1,172.7,196.8,176.1,200.2,209.6,4
251,Adultmale_laugh13.csv,100.2,210.6,395.1,885.4,403.4,3318,5
252,Adultmale_laugh14.csv,120.1,282.3,362.8,756.8,576.4,3789,256
253,Adultmale_laugh14.csv,105.4,204.6,226.9,210.4,240,241.3,8
254,Adultmale_laugh14.csv,209.5,458.9,609.9,1893,3732,3791,9
255,Adultmale_laugh15.csv,131,486.4,560.8,1028,1777,3158,242
256,Adultmale_neutral01.csv,127.9,129.6,623.3,403,633.3,649.3,125
257,Adultmale_neutral02.csv,130.6,133.2,274.6,468.4,688.6,1400,220
258,Adultmale_neutral03.csv,113.8,116.3,120.1,132.3,126.1,684.9,137
259,Adultmale_neutral04.csv,342.6,342.6,342.6,342.6,342.6,342.6,1
260,Adultmale_neutral04.csv,112.5,628.8,640.1,609,654.5,680.9,149
261,Adultmale_neutral04.csv,641.4,642,642.6,642.6,643.2,643.8,2
262,Adultmale_neutral05.csv,100.8,212.6,613.7,477.6,632.8,661.1,127
263,Adultmale_neutral05.csv,202.5,202.5,202.5,202.5,202.5,202.5,1
264,Adultmale_neutral06.csv,108.2,109.6,111.3,349.1,618.1,664.8,145
265,Adultmale_neutral07.csv,112.1,114.6,115.4,202.3,280.3,616.3,188
266,Adultmale_neutral08.csv,104,208.4,600.9,455,619.3,662.1,177
267,Adultmale_neutral09.csv,115.3,116,122.1,357.1,693.7,710.3,162
268,Adultmale_neutral10.csv,164.9,362.9,683.1,573.4,687.3,697.2,180
269,Adultmale_neutral11.csv,113.2,121.8,128.8,183.3,129.7,666.9,114
270,Adultmale_neutral12.csv,91.63,100.6,193.8,213,197.1,633.3,138
271,Adultmale_neutral12.csv,575.3,575.3,575.3,575.3,575.3,575.3,1
272,Adultmale_neutral12.csv,89.28,239.9,390.5,390.5,541.2,691.8,2
273,Adultmale_neutral12.csv,583.8,583.8,583.8,583.8,583.8,583.8,1
274,Adultmale_neutral13.csv,90.7,582.5,594.5,556.3,632.7,661.2,149
275,Adultmale_neutral13.csv,638.7,638.7,638.7,638.7,638.7,638.7,1
276,Adultmale_neutral14.csv,548.9,572.1,580.4,582.4,592.1,613.8,128
277,Adultmale_neutral15.csv,99.08,305.1,311.8,275.4,326.8,346,147
278,Animal_cat01.csv,84.69,382.9,396.3,418.6,402.1,2250,274
279,Animal_cat01.csv,455.3,455.3,455.3,455.3,455.3,455.3,1
280,Animal_cat02.csv,384,1001,1098,1048,1144,3329,260
281,Animal_cat02.csv,921.8,922.3,922.7,922.7,923.2,923.6,2
282,Animal_cat03.csv,289.2,297.8,322.1,443.3,571.2,1124,273
283,Animal_cat04.csv,552,1004,1111,1035,1174,1228,266
284,Animal_cat04.csv,880.9,880.9,880.9,880.9,880.9,880.9,1
285,Animal_cat04.csv,519.7,652.6,785.4,785.4,918.3,1051,2
286,Animal_cat05.csv,158.3,441.4,477.4,467.8,489.7,1502,276
287,Animal_cat05.csv,493.7,493.8,493.9,493.9,493.9,494,2
288,Animal_cat06.csv,129.4,399.2,420.5,437.2,430.9,1582,226
289,Animal_cat06.csv,181.9,181.9,181.9,181.9,181.9,181.9,1
290,Animal_cat06.csv,245.4,245.5,260.8,588.6,603.8,1587,4
291,Animal_cat06.csv,363.9,363.9,363.9,363.9,363.9,363.9,1
292,Animal_cat06.csv,1364,1367,1371,1371,1374,1378,2
293,Animal_cat06.csv,843,843,843,843,843,843,1
294,Animal_cat06.csv,127.3,127.3,127.3,127.3,127.3,127.3,1
295,Animal_cat06.csv,195.4,350.2,505.1,505.1,660,814.8,2
296,Animal_cat07.csv,282.1,315.4,565.3,488.9,580.7,1109,274
297,Animal_cat07.csv,430.9,430.9,430.9,430.9,430.9,430.9,1
298,Animal_cat08.csv,287.9,489.1,528.4,497.9,576.3,607.1,73
299,Animal_cat08.csv,258.8,498.3,570.3,855.4,582.2,4215,160
300,Animal_cat09.csv,539.2,718.4,788.1,949,1004,4236,127
301,Animal_cat09.csv,481.3,661.8,1159,1494,1199,4546,106
302,Animal_cat10.csv,453.5,870.7,1065,986.8,1118,1276,148
303,Animal_cat10.csv,374.8,701.3,1028,1028,1354,1681,2
304,Animal_cat10.csv,200.1,856,1054,1266,1286,2954,115
305,Animal_cat11.csv,116.6,499.6,520.2,514.8,547.1,1043,237
306,Animal_cat11.csv,109.5,421.1,558.8,911.6,1630,2132,17
307,Animal_cat11.csv,90.88,90.88,90.88,90.88,90.88,90.88,1
308,Animal_cat12.csv,282.1,315.6,566.4,482.5,579.8,633.5,278
309,Animal_cat12.csv,562.8,564.3,565.9,565.9,567.5,569.1,2
310,Animal_cat13.csv,150.4,306.2,569.6,512.3,591,1641,240
311,Animal_cat13.csv,256.8,270.8,395.8,393.6,518.4,524,8
312,Animal_cat13.csv,280.9,280.9,280.9,280.9,280.9,280.9,1
313,Animal_cat13.csv,596.2,596.6,597,597,597.3,597.7,2
314,Animal_cat14.csv,282.1,315.3,565.6,486.7,580.2,1100,275
315,Animal_cat15.csv,116.4,500.9,520.7,520.6,546.5,1043,235
316,Animal_cat15.csv,141,402.4,918.8,982.2,1667,1867,15
317,Animal_dog01.csv,347.5,697.4,727.7,939.9,758.7,4321,245
318,Animal_dog01.csv,1034,1034,1034,1034,1034,1034,1
319,Animal_dog01.csv,1031,1031,1031,1031,1031,1031,1
320,Animal_dog01.csv,1029,1030,1031,1031,1032,1032,2
321,Animal_dog01.csv,1001,1006,1011,1011,1016,1021,2
322,Animal_dog01.csv,958.7,958.7,958.7,958.7,958.7,958.7,1
323,Animal_dog01.csv,246.6,246.9,247.1,247.1,247.4,247.6,2
324,Animal_dog02.csv,208.6,454.2,483.3,645.4,570.7,1402,34
325,Animal_dog02.csv,455.1,461.1,467.2,471.2,479.3,491.4,3
326,Animal_dog02.csv,63.44,475.2,496.9,654.6,639.4,3463,229
327,Animal_dog03.csv,49.94,411.8,816.5,1223,1635,9956,196
328,Animal_dog03.csv,48.09,48.09,48.09,48.09,48.09,48.09,1
329,Animal_dog03.csv,46.88,53.07,1614,1208,1679,3531,79
330,Animal_dog03.csv,1545,1554,1562,1562,1570,1579,2
331,Animal_dog04.csv,143.6,1046,1242,1152,1354,2608,275
332,Animal_dog04.csv,387.1,387.8,388.5,388.5,389.1,389.8,2
333,Animal_dog05.csv,435.9,880.1,966.5,976,1185,1410,107
334,Animal_dog05.csv,947.7,947.7,947.7,947.7,947.7,947.7,1
335,Animal_dog05.csv,939.5,943,946.5,946.5,950,953.5,2
336,Animal_dog05.csv,123.9,499.2,845.1,793.7,1069,1316,145
337,Animal_dog05.csv,758.1,758.1,758.1,758.1,758.1,758.1,1
338,Animal_dog06.csv,83.45,576,597.1,688.7,769.5,1256,261
339,Animal_dog06.csv,46.98,46.98,46.98,46.98,46.98,46.98,1
340,Animal_dog06.csv,48.66,49.83,51,51,52.17,53.34,2
341,Animal_dog06.csv,51.21,51.21,51.21,51.21,51.21,51.21,1
342,Animal_dog06.csv,52.99,52.99,52.99,52.99,52.99,52.99,1
343,Animal_dog07.csv,713.8,761.6,879.3,881.5,938.9,1163,272
344,Animal_dog07.csv,734.4,734.9,735.4,735.4,736,736.5,2
345,Animal_dog07.csv,733.3,733.3,733.3,733.3,733.3,733.3,1
346,Animal_dog07.csv,53.82,226.9,399.9,399.9,573,746,2
347,Animal_dog08.csv,49.59,431.6,768.7,595.3,836.9,863.2,47
348,Animal_dog08.csv,46.88,333.9,840.5,1299,1542,6134,117
349,Animal_dog08.csv,46.88,687.6,1204,1388,1591,5310,111
350,Animal_dog08.csv,567.6,573.7,579.9,579.9,586,592.2,2
351,Animal_dog09.csv,1542,1542,1542,1542,1542,1542,1
352,Animal_dog09.csv,50.59,517.8,918.8,1066,1342,5726,270
353,Animal_dog09.csv,473.5,474.2,475,475,475.7,476.5,2
354,Animal_dog09.csv,50.5,50.5,50.5,50.5,50.5,50.5,1
355,Animal_dog10.csv,100.9,791.1,998.4,955.7,1273,1375,123
356,Animal_dog10.csv,182.5,360.4,749.6,675.9,941.5,1103,137
357,Animal_dog11.csv,147.5,577,675.7,615.4,722,849.9,226
358,Animal_dog11.csv,566.8,566.8,566.8,566.8,566.8,566.8,2
359,Animal_dog11.csv,570.6,570.6,570.6,570.6,570.6,570.6,1
360,Animal_dog11.csv,582.6,582.6,582.6,582.6,582.6,582.6,1
361,Animal_dog11.csv,601.3,601.3,601.3,601.3,601.3,601.3,1
362,Animal_dog11.csv,562.3,562.3,562.3,562.3,562.3,562.3,1
363,Animal_dog12.csv,140.2,362.5,402.9,492.2,604.7,1084,180
364,Animal_dog12.csv,525.9,527.1,528.4,528.4,529.6,530.8,2
365,Animal_dog12.csv,533.4,725.9,742.8,742.2,815.7,849.8,59
366,Animal_dog13.csv,258.1,1030,1132,1062,1242,2606,240
367,Animal_dog13.csv,414.5,745,1256,1010,1260,1262,10
368,Animal_dog13.csv,1067,1114,1161,1161,1208,1255,2
369,Animal_dog14.csv,46.88,419.5,441.7,428.8,479.7,563.5,112
370,Animal_dog14.csv,49.69,51.41,51.95,115.1,53.28,1341,74
371,Animal_dog14.csv,365.7,389.2,400.3,408.3,434.2,461,83
372,Animal_dog14.csv,47.66,117.3,186.9,186.9,256.6,326.2,2
373,Animal_dog14.csv,47.37,47.38,47.4,47.4,47.41,47.42,2
374,Animal_dog15.csv,114.4,714.7,836.3,799.5,934.1,1758,279
375,Baby_cry01.csv,148.1,483.7,577.6,830.4,1164,3885,270
376,Baby_cry01.csv,189.5,667.3,1161,883.7,1166,1169,7
377,Baby_cry02.csv,82.62,811.5,1054,1040,1226,2820,275
378,Baby_cry03.csv,447.6,549.2,572.3,603.7,603.3,1180,277
379,Baby_cry04.csv,103.6,510.7,1038,997.9,1175,2177,204
380,Baby_cry04.csv,160.8,677.4,1162,1370,1778,3353,67
381,Baby_cry05.csv,198.2,473.9,502,501.9,518.8,832.4,276
382,Baby_cry06.csv,162.6,534.1,572.6,1013,1593,2597,270
383,Baby_cry07.csv,117.5,451,1034,1293,2233,4672,277
384,Baby_cry08.csv,132.3,1069,1593,1424,1877,4726,232
385,Baby_cry08.csv,92.66,276.6,413.5,831.9,802.1,2304,34
386,Baby_cry09.csv,146.6,479.1,1087,928.2,1211,2690,274
387,Baby_cry10.csv,79.81,378.5,445.2,733.1,701.6,3000,269
388,Baby_cry11.csv,112.2,478.5,661.1,678.7,797.3,1427,278
389,Baby_cry12.csv,122.8,334.7,368.7,475.1,575.9,1196,274
390,Baby_cry13.csv,348.1,442.3,582.2,729.1,1173,1218,277
391,Baby_cry14.csv,84.5,354.4,369.9,477.4,394.4,2243,207
392,Baby_cry14.csv,2183,2183,2183,2183,2183,2183,1
393,Baby_cry14.csv,2239,2239,2239,2239,2239,2239,1
394,Baby_cry14.csv,163.2,413.6,436.2,965.7,1776,2426,54
395,Baby_cry15.csv,139,443.8,478.7,507.8,513.1,2127,267
396,Baby_cry16.csv,158.3,323.8,348,535.2,858,1059,46
397,Baby_cry16.csv,1094,1094,1094,1094,1094,1094,1
398,Baby_cry16.csv,228.7,448.5,457.6,615.8,842.5,2622,154
399,Baby_cry16.csv,287.9,342.5,487.2,621.3,800.9,1226,22
400,Baby_cry17.csv,232,461.8,476.3,475.6,481.7,1566,266
401,Baby_cry18.csv,178.9,417.5,435.3,450,463.4,1064,271
402,Baby_cry19.csv,118.5,413.8,622,971,1725,2557,280
403,Baby_cry20.csv,175.7,370.6,417.1,945.8,1298,5363,270
404,Baby_cry21.csv,277.2,292.9,318.2,369.8,346.9,639.5,139
405,Baby_cry21.csv,93.82,311,352.3,414.7,591.9,740.9,137
406,Baby_laugh01.csv,301.3,352.1,613.3,545.9,661.4,801.3,164
407,Baby_laugh01.csv,749.1,749.1,749.1,749.1,749.1,749.1,1
408,Baby_laugh02.csv,298.5,336.8,352.9,1122,916.4,5744,138
409,Baby_laugh03.csv,1497,1497,1497,1497,1497,1497,1
410,Baby_laugh03.csv,70.16,345.5,384.5,943.7,1534,4614,275
411,Baby_laugh04.csv,287.9,1471,1502,1451,1587,1757,141
412,Baby_laugh04.csv,150.9,298.1,311.8,345.5,327,972.7,94
413,Baby_laugh04.csv,288.2,291.5,305.2,319.5,308.4,443.4,7
414,Baby_laugh04.csv,175.1,177.3,179.5,192.3,200.9,222.2,3
415,Baby_laugh05.csv,1276,1334,1379,1396,1465,1524,89
416,Baby_laugh05.csv,135.3,276.7,295.7,320,308.7,1348,164
417,Baby_laugh06.csv,240.4,253.6,301.1,328.2,343.1,870,215
418,Baby_laugh06.csv,2248,2248,2248,2248,2248,2248,1
419,Baby_laugh06.csv,383.4,383.4,383.4,383.4,383.4,383.4,1
420,Baby_laugh06.csv,323.6,323.6,323.6,323.6,323.6,323.6,1
421,Baby_laugh07.csv,144.5,289.5,314,660.8,1101,3149,262
422,Baby_laugh08.csv,104.1,339.9,368.7,543,399.9,1459,281
423,Baby_laugh09.csv,155.7,379,756.6,766.5,1123,1659,226
424,Baby_laugh09.csv,158.6,357,386.8,577.1,1096,1378,33
425,Baby_laugh10.csv,278,348.9,1184,882.6,1358,1530,195
426,Baby_laugh10.csv,279.7,279.7,279.7,279.7,279.7,279.7,1
427,Baby_laugh10.csv,277.1,277.1,277.1,277.1,277.1,277.1,1
428,Baby_laugh10.csv,276.4,276.4,276.4,276.4,276.4,276.4,1
429,Baby_laugh10.csv,115.9,180.8,181.2,207,183,535.6,29
430,Baby_laugh11.csv,301.4,317.2,355.4,355.9,364.2,1169,261
431,Baby_laugh11.csv,365.6,531.5,534.2,527.1,538.2,552.3,19
432,Baby_laugh12.csv,204,343.4,796.2,701.6,894.4,2949,278
433,Baby_laugh13.csv,167,266.6,314.4,444.8,390.8,4038,278
434,Baby_laugh14.csv,126.2,310.3,338.3,478.8,412.9,1638,277
435,Baby_laugh15.csv,309.1,581.7,662.4,1046,744.2,5308,193
436,Baby_laugh15.csv,349,349.7,350.2,350.1,350.5,351,4
437,Baby_laugh15.csv,350.4,350.4,350.4,350.4,350.4,350.4,1
438,Baby_laugh15.csv,180.5,598.1,769.2,715.3,810,1648,74
439,Baby_laugh16.csv,245.7,276.1,307.2,344.2,380.6,938.8,277
440,Baby_laugh17.csv,103.3,267,362.3,786.2,784.5,2349,10
441,Baby_laugh17.csv,101.1,271.3,281.2,619.7,764.2,4839,256
442,Baby_laugh18.csv,95.75,320.5,330.4,371.8,349.5,1249,252
443,Baby_laugh18.csv,401.5,446,471,454.3,471.8,472.4,6
444,Baby_neutral01.csv,253.3,367.7,374.9,373.4,377.4,507.8,195
445,Baby_neutral02.csv,138.1,246.5,304.8,550.1,1007,2324,277
446,Baby_neutral03.csv,152.8,279.5,322.6,422.5,332.4,4820,267
447,Baby_neutral04.csv,256.8,272.7,312.5,309.1,330.2,1247,279
448,Baby_neutral05.csv,285.8,305.6,310.1,319.8,312.5,593.6,58
449,Baby_neutral05.csv,150.2,298.2,307.7,348.3,315.9,2271,214
450,Baby_neutral06.csv,144.7,327.2,330.1,352.8,340,1356,279
451,Baby_neutral07.csv,326,433.8,1077,896.3,1178,1215,275
452,Baby_neutral08.csv,138.1,238.7,262.1,458,488.9,1556,277
453,Baby_neutral09.csv,170.5,302.8,325.8,363.9,333.6,1147,248
454,Baby_neutral09.csv,1130,1135,1140,1140,1146,1151,2
455,Baby_neutral09.csv,332.1,1000,1073,1001,1090,1134,19
456,Baby_neutral10.csv,109.5,463.8,1392,1217,1435,2545,273
457,Baby_neutral11.csv,128.1,274.7,323.3,310,352.7,787.2,268
458,Baby_neutral12.csv,138.1,246.7,305.2,543.5,1007,1556,277
459,Baby_neutral13.csv,180.7,361.4,370,365.8,380.2,398.9,276
460,Baby_neutral14.csv,87.26,537.5,1563,1178,1630,2280,270
461,Baby_neutral14.csv,232.3,232.3,232.3,232.3,232.3,232.3,1
462,Baby_neutral15.csv,268.9,329.2,351.9,356.1,369.2,574.4,88
463,Baby_neutral15.csv,168.6,259.1,304.9,957.2,326.5,5346,162
464,Baby_neutral15.csv,108.2,196.3,345.3,282.1,346.7,348.9,17
465,Baby_neutral16.csv,88.64,135.7,269.6,310.6,329.4,1115,277
466,Baby_neutral17.csv,108.8,306.5,329.6,408.6,347.5,906.5,64
467,Baby_neutral17.csv,75.8,75.8,75.8,75.8,75.8,75.8,1
468,Baby_neutral17.csv,330.2,330.2,330.2,330.2,330.2,330.2,1
469,Baby_neutral17.csv,212,212,212,212,212,212,1
470,Baby_neutral17.csv,182.8,339.9,349.7,434.9,371.5,1177,62
471,Baby_neutral17.csv,1253,1253,1253,1253,1253,1253,1
472,Baby_neutral17.csv,1171,1182,1192,1192,1203,1213,2
473,Baby_neutral17.csv,78.16,324.4,335.8,417.5,371.2,1317,72
474,Baby_neutral17.csv,344.4,344.4,344.4,344.4,344.4,344.4,1
475,Baby_neutral17.csv,170,734.7,1299,1299,1864,2429,2
476,Baby_neutral17.csv,81.51,321.7,343.4,375.1,425.9,896.1,28
477,Baby_neutral18.csv,188.9,1034,1131,1092,1196,2295,184
478,Baby_neutral18.csv,168.7,845.7,1242,1495,2589,2701,86
479,Baby_neutral19.csv,170.4,276.6,308.4,344.9,340,1126,196
480,Baby_neutral19.csv,249.5,249.5,249.5,249.5,249.5,249.5,1
481,Baby_neutral19.csv,231.7,244.6,263.5,569.9,1165,2175,79
482,Baby_neutral20.csv,144.5,226.2,243.9,286.9,256,685.9,274
483,Baby_neutral21.csv,184.4,290.6,298.4,481.5,327,1986,128
484,Baby_neutral21.csv,139,287.4,331.1,395.1,361.3,1298,141
485,Baby_neutral22.csv,281.7,313.3,333.1,346.5,342.1,1365,278
486,Baby_neutral23.csv,234.9,308.4,340.6,434.1,377.5,1230,266
487,Baby_neutral24.csv,98.33,147.9,297.1,422.6,360.8,1868,268
488,Baby_neutral25.csv,1266,1266,1266,1266,1266,1266,1
489,Baby_neutral25.csv,111.1,303.8,1342,992.7,1524,1608,70
490,Baby_neutral25.csv,1673,1673,1673,1673,1673,1673,1
491,Baby_neutral25.csv,1751,1752,1752,1752,1753,1753,2
492,Baby_neutral25.csv,154.9,317.8,1299,923.8,1324,1496,83
493,Baby_neutral25.csv,177.4,294.4,298.1,538.2,443.8,1595,69
494,Baby_neutral25.csv,164.1,164.1,164.2,164.2,164.3,164.4,2
495,Baby_neutral25.csv,306.1,307.4,308.7,314.4,318.6,328.5,3
496,Baby_neutral25.csv,168.7,180.9,193,185,193.2,193.3,3
